{
"AE":"AED",
"AF":"AFN",
"AL":"ALL",
"AM":"AMD",
"AO":"AOA",
"AR":"ARS",
"AU":"AUD",
"AW":"AWG",
"AZ":"AZN",
"BA":"BAM",
"BB":"BBD",
"BD":"BDT",
"BG":"BGN",
"BH":"BHD",
"BI":"BIF",
"BM":"BMD",
"BN":"BND",
"BO":"BOB",
"BR":"BRL",
"BS":"BSD",
"BT":"BTN",
"BW":"BWP",
"BY":"BYR",
"BZ":"BZD",
"CA":"CAD",
"CD":"CDF",
"CH":"CHF",
"CL":"CLP",
"CN":"CNY",
"CO":"COP",
"CR":"CRC",
"CU":"CUP",
"CV":"CVE",
"CZ":"CZK",
"DJ":"DJF",
"DK":"DKK",
"DO":"DOP",
"DZ":"DZD",
"EG":"EGP",
"ER":"ERN",
"ET":"ETB",
"EU":"EUR",
"FJ":"FJD",
"FK":"FKP",
"GB":"GBP",
"GE":"GEL",
"GH":"GHS",
"GM":"GMD",
"GN":"GNF",
"GT":"GTQ",
"GY":"GYD",
"HK":"HKD",
"HN":"HNL",
"HR":"HRK",
"HT":"HTG",
"HU":"HUF",
"ID":"IDR",
"IL":"ILS",
"IM":"IMP",
"IN":"INR",
"IQ":"IQD",
"IR":"IRR",
"IS":"ISK",
"JE":"JEP",
"JM":"JMD",
"JO":"JOD",
"JP":"JPY",
"KE":"KES",
"KG":"KGS",
"KH":"KHR",
"KM":"KMF",
"KP":"KPW",
"KR":"KRW",
"KW":"KWD",
"KY":"KYD",
"KZ":"KZT",
"LA":"LAK",
"LB":"LBP",
"LK":"LKR",
"LR":"LRD",
"LS":"LSL",
"LT":"LTL",
"LV":"LVL",
"LY":"LYD",
"MA":"MAD",
"MD":"MDL",
"MG":"MGA",
"MK":"MKD",
"MM":"MMK",
"MN":"MNT",
"MO":"MOP",
"MR":"MRO",
"MU":"MUR",
"MV":"MVR",
"MW":"MWK",
"MX":"MXN",
"MY":"MYR",
"MZ":"MZN",
"NA":"NAD",
"NG":"NGN",
"NI":"NIO",
"NO":"NOK",
"NP":"NPR",
"NZ":"NZD",
"OM":"OMR",
"PA":"PAB",
"PE":"PEN",
"PG":"PGK",
"PH":"PHP",
"PK":"PKR",
"PL":"PLN",
"PR":"PRB",
"PY":"PYG",
"QA":"QAR",
"RO":"RON",
"RS":"RSD",
"RU":"RUB",
"RW":"RWF",
"SA":"SAR",
"SB":"SBD",
"SC":"SCR",
"SD":"SDG",
"SE":"SEK",
"SG":"SGD",
"SH":"SHP",
"SL":"SLL",
"SO":"SOS",
"SR":"SRD",
"SS":"SSP",
"ST":"STD",
"SV":"SVC",
"SY":"SYP",
"SZ":"SZL",
"TH":"THB",
"TJ":"TJS",
"TM":"TMT",
"TN":"TND",
"TO":"TOP",
"TR":"TRY",
"TT":"TTD",
"TW":"TWD",
"TZ":"TZS",
"UA":"UAH",
"UG":"UGX",
"US":"USD",
"UY":"UYU",
"UZ":"UZS",
"VE":"VEF",
"VN":"VND",
"VU":"VUV",
"WS":"WST",
"XA":"XAF",
"XC":"XCD",
"XO":"XOF",
"XP":"XPF",
"YE":"YER",
"ZA":"ZAR",
"ZM":"ZMW",
"ZW":"ZWL"
}