{
        "mid":"",
        "locale":"",
        "logo":"",
        "company":"",
        "forcePopup":"",
        "Page":{
            "WelcomePage":{
                "backgroudColor":{"visible":"","value":""},
                "logo":{"visible":"","value":""},
                "description":{"visible":"","value":""}
            },
            "LandingPage":{
                "catalog":{
                    "visible":"",
                    "position":{
                        "top":"",
                        "left":"",
                        "index":""
                    },
                    "type":{
                        "Checkout":"",
                        "Hero":"",
                        "Swifeforpage":"",
                        "Slider":"",
                        "List":"",
                        "Text":""
                    }
                },
                "newProducts":{
                    "visible":"",
                    "position":{
                        "top":"",
                        "left":"",
                        "index":""
                    },
                    "type":{
                        "Checkout":"",
                        "Hero":"",
                        "Swifeforpage":"",
                        "Slider":"",
                        "List":"",
                        "Text":""
                    }
                },
                "coupons":{
                    "visible":"",
                    "position":{
                        "top":"",
                        "left":"",
                        "index":""
                    },
                    "type":{
                        "Checkout":"",
                        "Hero":"",
                        "Swifeforpage":"",
                        "Slider":"",
                        "List":"",
                        "Text":""
                    }
                },
                "promotions":{
                    "visible":"",
                    "position":{
                        "top":"",
                        "left":"",
                        "index":""
                    },
                    "type":{
                        "Checkout":"",
                        "Hero":"",
                        "Swifeforpage":"",
                        "Slider":"",
                        "List":"",
                        "Text":""
                    }
                }
            }
        }
    }