<!DOCTYPE log4j:configuration PUBLIC "-//log4j/log4j Configuration//EN" "log4j.dtd">

<log4j:configuration xmlns:log4j="http://jakarta.apache.org/log4j/">
    
    <appender name="STDOUT" class="org.apache.log4j.ConsoleAppender">
       <layout class="org.apache.log4j.PatternLayout"> 
          <param name="ConversionPattern" value="%d %-5p %c.%M:%L - %m%n"/> 
       </layout> 
    </appender>
    
    <logger name="org.hibernate.type">
    	<level value="WARN" />
    </logger>

    <logger name="org.hibernate.tool.hbm2ddl">
    	<level value="WARN" />
    </logger> 
    
    <logger name="name.brucephillips.struts2springhibernateexample">
    	<level value="WARN" />
    </logger>
	<logger name="com.dominopos.security">
    	<level value="DEBUG" />
    </logger>
    <logger name="com.dominopos.service">
    	<level value="WARN" />
    </logger>
    <logger name="com.dominopos.servlet">
    	<level value="WARN" />
    </logger>
   <!-- for all other loggers log only warn and above log messages -->
     <root>
        <priority value="WARN"/> 
        <appender-ref ref="STDOUT" /> 
     </root> 
    
</log4j:configuration> 

