<beans xmlns="http://www.springframework.org/schema/beans"
	xmlns:context="http://www.springframework.org/schema/context"
	xmlns:tx="http://www.springframework.org/schema/tx"
	xmlns:xsi="http://www.w3.org/2001/XMLSchema-instance"
	xmlns:aop="http://www.springframework.org/schema/aop"
	xmlns:jdbc="http://www.springframework.org/schema/jdbc"
    xmlns:mvc="http://www.springframework.org/schema/mvc"
	xsi:schemaLocation="http://www.springframework.org/schema/beans
            http://www.springframework.org/schema/beans/spring-beans.xsd
            http://www.springframework.org/schema/aop
            http://www.springframework.org/schema/aop/spring-aop.xsd
            http://www.springframework.org/schema/tx
            http://www.springframework.org/schema/tx/spring-tx-3.0-.xsd
            http://www.springframework.org/schema/jdbc
            http://www.springframework.org/schema/jdbc/spring-jdbc-3.0.xsd
            http://www.springframework.org/schema/context
            http://www.springframework.org/schema/context/spring-context-3.0.xsd
            http://www.springframework.org/schema/mvc
            http://www.springframework.org/schema/mvc/spring-mvc.xsd">
	
	<context:component-scan base-package="com.dominopos.dao" />

	<!--Start Session Factory -->
	<bean id="sessionFactory"
		class="org.springframework.orm.hibernate3.annotation.AnnotationSessionFactoryBean" scope="singleton">
		<!--<property name="annotatedPackages" value="com.dominopos.model"></property>-->
        <property name="annotatedClasses">
            <list>
                <value>com.dominopos.model.Action</value>
				<value>com.dominopos.model.Activity</value>
                <value>com.dominopos.model.AuditLog</value>
				<value>com.dominopos.model.Consumer</value>
				<value>com.dominopos.model.ConsumerChild</value>
				<value>com.dominopos.model.Coupon</value>
				<value>com.dominopos.model.CouponActive</value>
				<value>com.dominopos.model.CouponsFilter</value>
				<value>com.dominopos.model.Merchant</value>
				<value>com.dominopos.model.MerchantActivity</value>
				<value>com.dominopos.model.MerchantActivityPK</value>
				<value>com.dominopos.model.Module</value>
				<value>com.dominopos.model.NewproductFilter</value>
				<value>com.dominopos.model.Product</value>
				<value>com.dominopos.model.ProductProperty</value>
				<value>com.dominopos.model.Promotion</value>
				<value>com.dominopos.model.PromotionFilter</value>
				<value>com.dominopos.model.PromotionType</value>
				<value>com.dominopos.model.Retailer</value>
				<value>com.dominopos.model.RetailerModule</value>
				<value>com.dominopos.model.RetailerModulePK</value>
				<value>com.dominopos.model.Crm</value>
				<value>com.dominopos.model.ShopEvent</value>
				<value>com.dominopos.model.ShopEventBonus</value>
				<value>com.dominopos.model.ShopEventCondition</value>
				<value>com.dominopos.model.Transaction</value>
				<value>com.dominopos.model.User</value>
				<value>com.dominopos.model.Category</value>
				<value>com.dominopos.model.ProductPrice</value>
				<value>com.dominopos.model.CategoryProperty</value>
				<value>com.dominopos.model.Ticket</value>
				<value>com.dominopos.model.TicketDetail</value>
				<value>com.dominopos.model.crmBiggestAmount</value>
				<value>com.dominopos.model.crmMostPurchased</value>
				<value>com.dominopos.model.UserAccessProfile</value>
				<value>com.dominopos.model.Permission</value>
				<value>com.dominopos.model.Menu</value>
            </list>
        </property>
		<property name="dataSource" ref="dataSource"></property>
		<property name="hibernateProperties">
			<props>
				<prop key="hibernate.dialect">${hibernate.connection.dialect}</prop>
				<prop key="hibernate.show_sql">true</prop>
 				<!--<prop key="hibernate.hbm2ddl.auto">update</prop>-->
				<prop key="hibernate.current_session_context_class">org.hibernate.context.ThreadLocalSessionContext
				</prop>
			</props>
		</property>
	</bean>

	<!--End Session Factory -->

	<bean id="dataSource"
		class="org.springframework.jdbc.datasource.DriverManagerDataSource">
		<property name="driverClassName" value="${hibernate.connection.driver_class}" />
		<property name="url" value="${hibernate.connection.url}" />
		<property name="username" value="${hibernate.connection.username}" />
		<property name="password" value="${hibernate.connection.password}" />
	</bean>

    <bean name="menuDao" class="com.dominopos.daoimpl.MenuDAOImpl">
		<property name="sessionFactory" ref="sessionFactory" />
	</bean>
    <bean name="auditDAO" class="com.dominopos.daoimpl.AuditDAOImpl">
		<property name="sessionFactory" ref="sessionFactory" />
	</bean>

	<bean name="permissionDao" class="com.dominopos.daoimpl.PermissionDAOImpl">
		<property name="sessionFactory" ref="sessionFactory" />
	</bean>
	<bean name="userDao" class="com.dominopos.daoimpl.UserDAOImpl">
		<property name="sessionFactory" ref="sessionFactory" />
	</bean>
    <bean name="accessProfileDAO" class="com.dominopos.daoimpl.UserAccessProfileDAOImpl">
		<property name="sessionFactory" ref="sessionFactory" />
	</bean>
	<bean name="userService" class="com.dominopos.serviceimpl.UserServiceImpl">
		<property name="userDao" ref="userDao" />
	</bean>
    <bean name="auditService" class="com.dominopos.serviceimpl.AuditServiceImpl">
		<property name="auditDao" ref="auditDAO" />
	</bean>
    <bean id="merchantDAO" class="com.dominopos.daoimpl.MerchantDAOImpl">
		<property name="sessionFactory" ref="sessionFactory" />
	</bean>
    <bean name="merchantService" class="com.dominopos.serviceimpl.MerchantServiceImpl">
		<property name="merchantDAO"  ref="merchantDAO"/>
	</bean>
    <bean name="mailService" class="com.dominopos.serviceimpl.MailServiceImpl">

	</bean>
	<!-- Validation Bean -->
	<bean id="validator" class="org.springframework.validation.beanvalidation.LocalValidatorFactoryBean" />
	<bean id="transactionManager"
		class="org.springframework.orm.hibernate3.HibernateTransactionManager">
		<property name="sessionFactory" ref="sessionFactory" />
	</bean>

	<bean
		class="org.springframework.dao.annotation.PersistenceExceptionTranslationPostProcessor" />

    <!-- beign I18N-->
    <bean id="messageSource"
		class="org.springframework.context.support.ReloadableResourceBundleMessageSource">
		<property name="basename" value="classpath:messages" />
		<property name="defaultEncoding" value="UTF-8" />
	</bean>

    <bean id="localeChangeInterceptor"
        class="org.springframework.web.servlet.i18n.LocaleChangeInterceptor">
        <property name="paramName" value="lang" />
    </bean>

    <bean id="localeResolver"
        class="org.springframework.web.servlet.i18n.SessionLocaleResolver">
        <property name="defaultLocale" value="en"/>
    </bean>

    <mvc:interceptors>
           <bean parent="localeChangeInterceptor"/>
    </mvc:interceptors>
    <!--end I18N-->
	<bean id="multipartResolver"
		class="org.springframework.web.multipart.commons.CommonsMultipartResolver">
		<property name="maxUploadSize" value="100000" />
	</bean>
	
	<bean
		class="org.springframework.beans.factory.config.PropertyPlaceholderConfigurer">
		<property name="location">
			<value>
				/WEB-INF/spring/config.properties
			</value>
		</property>
	</bean>
</beans>
