<?xml version="1.0" encoding="UTF-8"?>
<beans xmlns="http://www.springframework.org/schema/beans"
	xmlns:xsi="http://www.w3.org/2001/XMLSchema-instance" xmlns:context="http://www.springframework.org/schema/context"
	xsi:schemaLocation="http://www.springframework.org/schema/beans
    http://www.springframework.org/schema/beans/spring-beans-3.0.xsd
    http://www.springframework.org/schema/context
    http://www.springframework.org/schema/context/spring-context-3.0.xsd">

	<!-- Mail Configuration -->
	<bean id="mailSender" class="org.springframework.mail.javamail.JavaMailSenderImpl">
		<property name="host" value="${mail.host}" />
		<property name="port" value="${mail.port}" />
		<property name="username" value="${mail.username}" />
		<property name="password" value="${mail.password}" />
		<property name="javaMailProperties">
			<props>
				<prop key="mail.smtp.auth">${mail.smtp.auth}</prop>
				<prop key="mail.smtp.starttls.enable">${mail.smtp.starttls.enable}</prop>
			</props>
		</property>
	</bean>

	<bean id="multipartResolver"
		class="org.springframework.web.multipart.commons.CommonsMultipartResolver">
		<!-- max upload size in bytes -->
		<property name="maxUploadSize" value="${max.upload.size}" /> <!-- 20MB -->

		<!-- max size of file in memory (in bytes) -->
		<property name="maxInMemorySize" value="${max.memmory.size}" /> <!-- 1MB -->

	</bean>

	<bean name="mailService" class="com.dominopos.serviceimpl.MailServiceImpl">
		<property name="mailSender" ref="mailSender" />
	</bean>

	<bean id="customeMailMessage" class="org.springframework.mail.SimpleMailMessage" scope="prototype">
		<property name="from" value="${mail.system.user}" />
		<property name="subject" value="Testing Subject" />
		<property name="text">
			<value>
		<![CDATA[
			Dear %s,
			,You have registered successfully,please follow this link 
			%s 
			to finish activating your account.
		]]>
			</value>
		</property>
	</bean>
</beans>
    
    