<?xml version="1.0" encoding="UTF-8"?>
<beans:beans xmlns="http://www.springframework.org/schema/mvc"
	xmlns:xsi="http://www.w3.org/2001/XMLSchema-instance" xmlns:beans="http://www.springframework.org/schema/beans"
	xmlns:context="http://www.springframework.org/schema/context"
	xmlns:mvc="http://www.springframework.org/schema/mvc"
	xsi:schemaLocation="http://www.springframework.org/schema/mvc http://www.springframework.org/schema/mvc/spring-mvc-3.0.xsd
		http://www.springframework.org/schema/beans http://www.springframework.org/schema/beans/spring-beans-3.0.xsd
		http://www.springframework.org/schema/context 
		http://www.springframework.org/schema/context/spring-context-3.0.xsd
		http://www.springframework.org/schema/mvc
		http://www.springframework.org/schema/mvc/spring-mvc-3.1.xsd">

	<!-- DispatcherServlet Context: defines this servlet's request-processing 
		infrastructure -->

	<!-- Enables the Spring MVC @Controller programming model -->
	<annotation-driven />

	<!-- Handles HTTP GET requests for /resources/** by efficiently serving 
		up static resources in the ${webappRoot}/resources directory -->
<!-- 	<resources mapping="/resources/**" location="/resources/" /> -->
	<mvc:resources mapping="/resources/**" location="/resources/" />
	
	<!-- Resolves views selected for rendering by @Controllers to .jsp resources 
		in the /WEB-INF/views directory -->
	<beans:bean
		class="org.springframework.web.servlet.view.InternalResourceViewResolver">
		<beans:property name="prefix" value="/WEB-INF/views/" />
		<beans:property name="suffix" value=".jsp" />
	</beans:bean>

	<context:component-scan base-package="com.dominopos.controller" />

	<beans:bean
		class="org.springframework.web.servlet.view.ContentNegotiatingViewResolver">
		<beans:property name="mediaTypes">
			<beans:map>
				<beans:entry key="html" value="text/html" />
				<beans:entry key="json" value="application/json" />
				<beans:entry key="xml" value="application/xml" />
			</beans:map>
		</beans:property>
		<beans:property name="viewResolvers">
			<beans:list>
				<beans:bean
					class="org.springframework.web.servlet.view.UrlBasedViewResolver">
					<beans:property name="viewClass"
						value="org.springframework.web.servlet.view.JstlView" />
					<beans:property name="prefix" value="/WEB-INF/views/" />
					<beans:property name="suffix" value=".jsp" />
				</beans:bean>
				<beans:bean class="org.springframework.web.servlet.view.XmlViewResolver">
					<beans:property name="location"
						value="/WEB-INF/spring/jasper-views.xml" />
					<beans:property name="order" value="0" />
				</beans:bean>
			</beans:list>
		</beans:property>
	</beans:bean>

	<beans:bean id="multipartResolver"
		class="org.springframework.web.multipart.commons.CommonsMultipartResolver">
		<beans:property name="maxUploadSize" value="100000" />
	</beans:bean>



</beans:beans>

