<beans:beans xmlns="http://www.springframework.org/schema/security"
	xmlns:beans="http://www.springframework.org/schema/beans" xmlns:xsi="http://www.w3.org/2001/XMLSchema-instance"
	xsi:schemaLocation="http://www.springframework.org/schema/beans
    http://www.springframework.org/schema/beans/spring-beans-3.0.xsd
    http://www.springframework.org/schema/security
    http://www.springframework.org/schema/security/spring-security-3.0.xsd">

	<http use-expressions="true" access-denied-page="/common/accessDenied.jsp">
		<intercept-url pattern="/admin/**" access="hasAnyRole('ADMINISTRATOR')" />
		<intercept-url pattern="/merchant/**" access="hasAnyRole('ADMINISTRATOR')" />
        <intercept-url pattern="/uisetup/**" access="hasAnyRole('ADMINISTRATOR')" />
        <intercept-url pattern="/report/**" access="hasAnyRole('ADMINISTRATOR')" />
        <intercept-url pattern="/audit/**" access="hasAnyRole('ADMINISTRATOR')" />
        <intercept-url pattern="/transaction/**" access="hasAnyRole('ADMINISTRATOR')" />
		<!-- Allow all other requests. In a real application you should adopt a
			whitelisting approach where access is not allowed by default -->
		<intercept-url pattern="/common/**" access="permitAll" />
		
		<form-login login-page="/common/login" always-use-default-target="false"
			authentication-success-handler-ref="fptAuthSuccessHandler"
			authentication-failure-handler-ref="fptAuthfailedHandler"
			authentication-failure-url="/common/login?error=true"/>
			
		<logout logout-success-url="/common/login" invalidate-session="true"/>

		<remember-me user-service-ref="userDetailsService" />
	</http>
	
	<!--<beans:bean name="userDao" class="com.dominopos.daoimpl.UserDAOImpl">-->
		<!--<beans:property name="sessionFactory" ref="sessionFactory" />-->
	<!--</beans:bean>-->

    <beans:import resource="applicationContextRun.xml"/>

	<beans:bean id="userDetailsService" class="com.dominopos.security.SecurityServiceImpl">
        <beans:property name="userDao" ref="userDao"/>
    </beans:bean>

	<authentication-manager>
	    <authentication-provider user-service-ref="userDetailsService">
	    	<password-encoder hash="sha-256"/>
	    </authentication-provider>
	</authentication-manager>
	
	<beans:bean id="fptAuthfailedHandler" class="com.dominopos.security.FptAuthenticateFailedHandler"/>
	
	<beans:bean id="fptAuthSuccessHandler" class="com.dominopos.security.FptAuthenticateSuccessHandler">
		<beans:property name="roleUrlMap">
	        <beans:map>
                <beans:entry key="ADMINISTRATOR" value="/common/home"/>
                <beans:entry key="CONSUMER" value="/common/accessDenied"/>
                <beans:entry key="MERCHANT" value="/common/accessDenied"/>
	        </beans:map>
		</beans:property>
	</beans:bean>
</beans:beans>